{
	"credit": "Made with Blockbench",
	"textures": {
		"1": "blocks/SkinMordoVM",
		"2": "blocks/planks_oak",
		"3": "blocks/bed_feet_end",
		"4": "blocks/bed_feet_side",
		"5": "blocks/bed_feet_top",
		"6": "blocks/bed_head_end",
		"7": "blocks/bed_head_side",
		"8": "blocks/bed_head_top",
		"particle": "blocks/SkinMordoVM"
	},
	"elements": [
		{
			"name": "CabezaSegundaCapa",
			"from": [3.9, 7.9, 5.9],
			"to": [12.1, 15.1, 14.1],
			"rotation": {"angle": -22.5, "axis": "x", "origin": [8, 11, 12]},
			"faces": {
				"north": {"uv": [12, 0, 14.0125, 2.0125], "rotation": 180, "texture": "#1"},
				"east": {"uv": [8, 2, 10.0125, 3.9875], "rotation": 270, "texture": "#1"},
				"south": {"uv": [10, 0, 12.0125, 2.0125], "rotation": 180, "texture": "#1"},
				"west": {"uv": [12, 2, 14.0125, 4], "rotation": 90, "texture": "#1"},
				"up": {"uv": [10, 2, 12, 3.9875], "rotation": 180, "texture": "#1"},
				"down": {"uv": [13.9875, 2, 16, 3.9875], "texture": "#1"}
			}
		},
		{
			"name": "Cabeza",
			"from": [4, 8, 6],
			"to": [12, 15, 14],
			"rotation": {"angle": -22.5, "axis": "x", "origin": [8, 11, 12]},
			"faces": {
				"north": {"uv": [4, 0, 6, 2], "rotation": 180, "texture": "#1"},
				"east": {"uv": [0, 2, 2, 4], "rotation": 270, "texture": "#1"},
				"south": {"uv": [2, 0, 4, 2], "rotation": 180, "texture": "#1"},
				"west": {"uv": [4, 2, 6, 4], "rotation": 90, "texture": "#1"},
				"up": {"uv": [2, 2, 4, 4], "rotation": 180, "texture": "#1"},
				"down": {"uv": [6, 2, 8, 4], "texture": "#1"}
			}
		},
		{
			"name": "Torso",
			"from": [4, 7, -6],
			"to": [12, 11, 6],
			"rotation": {"angle": 0, "axis": "y", "origin": [0, 0, 1]},
			"faces": {
				"north": {"uv": [7, 4, 9, 5], "texture": "#1"},
				"east": {"uv": [4, 5, 5, 8], "rotation": 270, "texture": "#1"},
				"south": {"uv": [5, 4, 7, 5], "rotation": 180, "texture": "#1"},
				"west": {"uv": [7, 5, 8, 8], "rotation": 90, "texture": "#1"},
				"up": {"uv": [5, 5, 7, 8], "rotation": 180, "texture": "#1"},
				"down": {"uv": [8, 5, 10, 8], "texture": "#1"}
			}
		},
		{
			"name": "BrazoIzq",
			"from": [1, 10, -6],
			"to": [4, 14, 6],
			"rotation": {"angle": 22.5, "axis": "z", "origin": [8, 12, 1]},
			"faces": {
				"north": {"uv": [10.025, 12, 11, 13], "texture": "#1"},
				"east": {"uv": [8, 13, 9, 16], "rotation": 270, "texture": "#1"},
				"south": {"uv": [9, 12, 10, 13], "texture": "#1"},
				"west": {"uv": [11, 13, 10, 16], "rotation": 90, "texture": "#1"},
				"up": {"uv": [10, 13, 9, 16], "rotation": 180, "texture": "#1"},
				"down": {"uv": [12, 16, 11, 13], "rotation": 180, "texture": "#1"}
			}
		},
		{
			"name": "BrazoDer",
			"from": [12, 10, -6],
			"to": [15, 14, 6],
			"rotation": {"angle": -22.5, "axis": "z", "origin": [8, 12, 1]},
			"faces": {
				"north": {"uv": [12.025, 4, 13, 5], "texture": "#1"},
				"east": {"uv": [10, 5, 11, 8], "rotation": 270, "texture": "#1"},
				"south": {"uv": [11, 4, 12, 5], "texture": "#1"},
				"west": {"uv": [13, 5, 12, 8], "rotation": 90, "texture": "#1"},
				"up": {"uv": [12, 5, 11, 8], "rotation": 180, "texture": "#1"},
				"down": {"uv": [14, 8, 13, 5], "rotation": 180, "texture": "#1"}
			}
		},
		{
			"name": "PieIzq",
			"from": [4, 7, -15],
			"to": [8, 11, -3],
			"rotation": {"angle": 0, "axis": "y", "origin": [0, 0, 1]},
			"faces": {
				"north": {"uv": [6, 12, 7, 13], "texture": "#1"},
				"east": {"uv": [4, 13, 5, 16], "rotation": 270, "texture": "#1"},
				"south": {"uv": [5, 12, 6, 13], "rotation": 180, "texture": "#1"},
				"west": {"uv": [6, 13, 7, 16], "rotation": 90, "texture": "#1"},
				"up": {"uv": [5, 13, 6, 16], "rotation": 180, "texture": "#1"},
				"down": {"uv": [7, 13, 8, 16], "texture": "#1"}
			}
		},
		{
			"name": "PieDer",
			"from": [8, 7, -15],
			"to": [12, 11, -3],
			"rotation": {"angle": 0, "axis": "y", "origin": [0, 0, 1]},
			"faces": {
				"north": {"uv": [6, 12, 7, 13], "texture": "#1"},
				"east": {"uv": [4, 13, 5, 16], "rotation": 270, "texture": "#1"},
				"south": {"uv": [5, 12, 6, 13], "texture": "#1"},
				"west": {"uv": [6, 13, 7, 16], "rotation": 90, "texture": "#1"},
				"up": {"uv": [5, 13, 6, 16], "rotation": 180, "texture": "#1"},
				"down": {"uv": [7, 13, 8, 16], "texture": "#1"}
			}
		},
		{
			"name": "Almohada",
			"from": [3, 6, 8],
			"to": [13, 10, 14],
			"rotation": {"angle": 0, "axis": "y", "origin": [0, 0, 1]},
			"faces": {
				"north": {"uv": [8, 3, 12, 13], "rotation": 270, "texture": "#8"},
				"east": {"uv": [10, 7, 16, 11], "rotation": 180, "texture": "#7"},
				"south": {"uv": [12, 3, 16, 13], "rotation": 270, "texture": "#8"},
				"west": {"uv": [10, 7, 16, 11], "texture": "#7"},
				"up": {"uv": [9, 3, 15, 13], "rotation": 90, "texture": "#8"},
				"down": {"uv": [9, 3, 15, 13], "rotation": 90, "texture": "#8"}
			}
		},
		{
			"name": "CubreCamaArriba",
			"from": [3.7, 11, -15],
			"to": [12.2, 12, 3],
			"rotation": {"angle": 0, "axis": "y", "origin": [0, 7, -15]},
			"faces": {
				"north": {"uv": [0, 0, 8.5, 1], "texture": "#5"},
				"east": {"uv": [0, 0, 16, 1], "texture": "#5"},
				"south": {"uv": [0, 0, 8.5, 1], "texture": "#5"},
				"west": {"uv": [0, 0, 16, 1], "texture": "#5"},
				"up": {"uv": [0, 4, 16, 12], "rotation": 90, "texture": "#5"},
				"down": {"uv": [0, 4, 16, 12], "rotation": 90, "texture": "#5"}
			}
		},
		{
			"name": "CubreCamaIzq",
			"from": [9.8, 2, -15],
			"to": [10.8, 9, 3],
			"rotation": {"angle": 22.5, "axis": "z", "origin": [4, 14, -6]},
			"faces": {
				"north": {"uv": [0, 0, 7, 1], "rotation": 270, "texture": "#5"},
				"east": {"uv": [0, 5, 16, 11], "rotation": 180, "texture": "#5"},
				"south": {"uv": [0, 0, 7, 1], "rotation": 90, "texture": "#5"},
				"west": {"uv": [0, 0, 16, 6], "texture": "#5"},
				"up": {"uv": [0, 0, 16, 1], "rotation": 90, "texture": "#5"},
				"down": {"uv": [0, 0, 16, 1], "rotation": 90, "texture": "#5"}
			}
		},
		{
			"name": "CubreCamaDer",
			"from": [4.5, 5, -15],
			"to": [5.5, 12, 3],
			"rotation": {"angle": -22.5, "axis": "z", "origin": [4, 14, -6]},
			"faces": {
				"north": {"uv": [0, 0, 7, 1], "rotation": 90, "texture": "#5"},
				"east": {"uv": [0, 5, 16, 11], "rotation": 180, "texture": "#5"},
				"south": {"uv": [0, 0, 7, 1], "rotation": 270, "texture": "#5"},
				"west": {"uv": [0, 5, 16, 11], "texture": "#5"},
				"up": {"uv": [0, 0, 16, 1], "rotation": 270, "texture": "#5"},
				"down": {"uv": [0, 0, 16, 1], "rotation": 270, "texture": "#5"}
			}
		},
		{
			"name": "CamaArriba",
			"from": [0, 3, 0],
			"to": [16, 8, 15],
			"rotation": {"angle": 0, "axis": "y", "origin": [0, 0, 1]},
			"faces": {
				"north": {"uv": [0, 0, 16, 5], "texture": "#missing"},
				"east": {"uv": [16, 7, 0, 11], "texture": "#7"},
				"south": {"uv": [0, 7, 16, 11], "texture": "#6"},
				"west": {"uv": [0, 7, 16, 11], "texture": "#7"},
				"up": {"uv": [0, 0, 16, 16], "rotation": 90, "texture": "#8"},
				"down": {"uv": [0, 2, 16, 16], "texture": "#2"}
			}
		},
		{
			"name": "CamaAbajo",
			"from": [0, 3, -16],
			"to": [16, 8, 0],
			"rotation": {"angle": 0, "axis": "y", "origin": [0, 0, 1]},
			"faces": {
				"north": {"uv": [0, 7, 16, 11], "texture": "#3"},
				"east": {"uv": [16, 7, 0, 11], "texture": "#4"},
				"south": {"uv": [0, 0, 16, 5], "texture": "#missing"},
				"west": {"uv": [0, 7, 16, 11], "texture": "#4"},
				"up": {"uv": [0, 0, 16, 16], "rotation": 90, "texture": "#5"},
				"down": {"uv": [0, 0, 16, 16], "texture": "#2"}
			}
		},
		{
			"name": "EspaldarIzq",
			"from": [0, 13, 15],
			"to": [1, 15, 16],
			"faces": {
				"north": {"uv": [1, 9, 2, 11], "texture": "#2"},
				"east": {"uv": [0, 9, 1, 11], "texture": "#2"},
				"south": {"uv": [3, 9, 4, 11], "texture": "#2"},
				"west": {"uv": [2, 9, 3, 11], "texture": "#2"},
				"up": {"uv": [1, 8, 2, 9], "texture": "#2"},
				"down": {"uv": [2, 8, 3, 9], "texture": "#2"}
			}
		},
		{
			"name": "EspaldarDer",
			"from": [15, 13, 15],
			"to": [16, 15, 16],
			"faces": {
				"north": {"uv": [1, 9, 2, 11], "texture": "#2"},
				"east": {"uv": [0, 9, 1, 11], "texture": "#2"},
				"south": {"uv": [3, 9, 4, 11], "texture": "#2"},
				"west": {"uv": [2, 9, 3, 11], "texture": "#2"},
				"up": {"uv": [1, 8, 2, 9], "texture": "#2"},
				"down": {"uv": [2, 8, 3, 9], "texture": "#2"}
			}
		},
		{
			"name": "Espaldar",
			"from": [0, 3, 15],
			"to": [16, 13, 16],
			"rotation": {"angle": 0, "axis": "y", "origin": [0, 0, 1]},
			"faces": {
				"north": {"uv": [0, 7, 16, 15], "texture": "#2"},
				"east": {"uv": [0, 7, 1, 15], "texture": "#2"},
				"south": {"uv": [0, 7, 16, 15], "texture": "#2"},
				"west": {"uv": [0, 7, 1, 15], "texture": "#2"},
				"up": {"uv": [0, 7, 16, 8], "texture": "#2"},
				"down": {"uv": [0, 14, 16, 15], "texture": "#2"}
			}
		},
		{
			"name": "PataArribaIzq",
			"from": [0, 0, -16],
			"to": [2, 3, -13],
			"rotation": {"angle": 0, "axis": "y", "origin": [0, 0, 1]},
			"faces": {
				"north": {"uv": [14, 13, 16, 16], "texture": "#2"},
				"east": {"uv": [13, 13, 16, 16], "texture": "#2"},
				"south": {"uv": [13, 13, 15, 16], "texture": "#2"},
				"west": {"uv": [13, 13, 16, 16], "texture": "#2"},
				"up": {"uv": [14, 12, 16, 15], "texture": "#2"},
				"down": {"uv": [13, 12, 15, 15], "texture": "#2"}
			}
		},
		{
			"name": "PataArribaDer",
			"from": [14, 0, 13],
			"to": [16, 3, 16],
			"rotation": {"angle": 0, "axis": "y", "origin": [0, 0, 1]},
			"faces": {
				"north": {"uv": [13, 13, 15, 16], "texture": "#2"},
				"east": {"uv": [13, 13, 16, 16], "texture": "#2"},
				"south": {"uv": [13, 13, 15, 16], "texture": "#2"},
				"west": {"uv": [13, 13, 16, 16], "texture": "#2"},
				"up": {"uv": [13, 12, 15, 15], "texture": "#2"},
				"down": {"uv": [14, 12, 16, 15], "texture": "#2"}
			}
		},
		{
			"name": "PataArribaIzq",
			"from": [0, 0, 13],
			"to": [2, 3, 16],
			"rotation": {"angle": 0, "axis": "y", "origin": [0, 0, 1]},
			"faces": {
				"north": {"uv": [0, 13, 2, 16], "texture": "#2"},
				"east": {"uv": [0, 13, 3, 16], "texture": "#2"},
				"south": {"uv": [1, 13, 3, 16], "texture": "#2"},
				"west": {"uv": [0, 13, 3, 16], "texture": "#2"},
				"up": {"uv": [1, 12, 3, 15], "texture": "#2"},
				"down": {"uv": [0, 12, 2, 15], "texture": "#2"}
			}
		},
		{
			"name": "PataAbajoDer",
			"from": [14, 0, -16],
			"to": [16, 3, -13],
			"rotation": {"angle": 0, "axis": "y", "origin": [0, 0, 1]},
			"faces": {
				"north": {"uv": [0, 13, 2, 16], "texture": "#2"},
				"east": {"uv": [0, 13, 3, 16], "texture": "#2"},
				"south": {"uv": [1, 13, 3, 16], "texture": "#2"},
				"west": {"uv": [0, 13, 3, 16], "texture": "#2"},
				"up": {"uv": [0, 12, 2, 15], "texture": "#2"},
				"down": {"uv": [1, 12, 3, 15], "texture": "#2"}
			}
		}
	],
	"display": {
		"thirdperson_righthand": {
			"rotation": [75, 315, 0],
			"translation": [0, 2.5, 0],
			"scale": [0.375, 0.375, 0.375]
		},
		"firstperson_righthand": {
			"rotation": [0, 315, 0],
			"translation": [0, 2.5, 0],
			"scale": [0.4, 0.4, 0.4]
		},
		"ground": {
			"translation": [0, 3, 0],
			"scale": [0.25, 0.25, 0.25]
		},
		"gui": {
			"rotation": [30, 45, 0],
			"scale": [0.625, 0.625, 0.625]
		},
		"head": {
			"rotation": [0, 180, 0]
		},
		"fixed": {
			"rotation": [0, 180, 0]
		}
	}
}