{
	"credit": "Made with Blockbench",
	"textures": {
		"0": "blocks/SkinMordoVM",
		"particle": "blocks/SkinMordoVM"
	},
	"elements": [
		{
			"from": [7.5, 4.9375, 9],
			"to": [7.5625, 5, 9.0625],
			"faces": {
				"north": {"uv": [6, 2, 8, 4], "texture": "#0"},
				"east": {"uv": [0, 2, 2, 4], "rotation": 270, "texture": "#0"},
				"south": {"uv": [4, 2, 6, 4], "texture": "#0"},
				"west": {"uv": [2, 2, 4, 4], "rotation": 90, "texture": "#0"},
				"up": {"uv": [2, 0, 4, 2], "rotation": 180, "texture": "#0"},
				"down": {"uv": [6, 2, 4, 0], "rotation": 180, "texture": "#0"}
			}
		}
	]
}